cutoff,approval_rate,approved_accounts,observed_bad_rate,predicted_pd,expected_loss_cr,revenue_cr,profit_cr,rwa_cr,capital_cr,rorwa_pct,roc_pct
467.5069254588816,0.9900444444444444,44552,0.06129915604237745,0.05994446715541376,34.71839670920392,112.3633603290796,77.64496361987568,828.8356533428343,95.31610013442597,4.683978259545207,40.73024573517571
492.3347384471918,0.9740888888888889,43834,0.0538851120135055,0.052032827899921176,29.650490716146887,111.0033509283853,81.35286021223843,805.6884844404423,92.65417571065086,5.048654770630034,43.90134583156552
508.634121450092,0.9582,43119,0.04830817041211531,0.04664164314013619,26.14483313727392,109.4949166862726,83.35008354899868,781.1608470238973,89.83349740774818,5.3350141565946165,46.39142744864885
518.8736503240709,0.9422,42399,0.04339724993513998,0.04258929885615826,23.4746678686293,107.88993321313708,84.41526534450776,757.6015822363529,87.1241819571806,5.571217597996799,48.445370417363456
526.7890275769894,0.9262666666666667,41682,0.039273547334580876,0.03945150892119483,21.377431333092158,106.23545686669078,84.85802553359862,735.8675429490438,84.62476743914004,5.765849190298826,50.13781904607675
534.4387392749636,0.9104222222222222,40969,0.03605164880763504,0.03696612857290761,19.68804917954488,104.5505950820455,84.86254590250063,716.0161441874618,82.3418565815581,5.92602182167296,51.530624536286616
541.3966779954737,0.8944,40248,0.03366626913138541,0.03500284543889428,18.314328801920023,102.813367119808,84.49903831788798,697.752995255154,80.24159445434272,6.055082449842327,52.652890868194135
544.2671807812894,0.8786222222222222,39538,0.03212099752137185,0.0333677119283855,17.15080372491858,101.08371962750815,83.93291590258956,680.8748739396672,78.30061050306173,6.163607963452835,53.59659098654639
547.426021184693,0.8625333333333334,38814,0.030787860050497242,0.031848633054277,16.0702469637932,99.30937530362068,83.23912833982747,664.2862078691929,76.39291390495718,6.265306079952393,54.48092243436864
550.0831990716695,0.8477777777777777,38150,0.029043250327653997,0.0305715035817892,15.161937201388353,97.67380627986117,82.5118690784728,649.5454636600903,74.69772832091039,6.351508377375997,55.230507629356495
552.4704874472081,0.8309111111111112,37391,0.027519991441790806,0.02921318569430259,14.200032941843688,95.79659670581563,81.59656376397194,633.1137418405974,72.8080803116687,6.444068290695541,56.035376440830795
554.793955573776,0.8150888888888889,36679,0.026445650099511983,0.02802852516523147,13.364757568961828,94.02892424310383,80.66416667414198,618.0465647343345,71.07535494444848,6.525735379567657,56.74552503971875
557.3241077875273,0.7997777777777778,35990,0.025062517365934983,0.02695910713642466,12.613357455919006,92.31266425440809,79.69930679848909,603.7399923294241,69.43009911788377,6.6004660790304275,57.39535720896024
560.0334497121917,0.7829333333333334,35232,0.024182561307901907,0.02588064033882342,11.853747365426546,90.41782526345735,78.5640778980308,588.2967191438789,67.65412270154609,6.677249365962934,58.063037964895074
562.2657052908346,0.7671111111111111,34520,0.02331981460023175,0.024943473339552217,11.193633095857454,88.63263669041426,77.4390035945568,574.005072629069,66.01058335234293,6.745498192190985,58.656506019052046
564.6341055298517,0.7510222222222223,33796,0.022132796780684104,0.02405441703034939,10.568260013449946,86.812773998655,76.24451398520506,559.6392760179813,64.35851674206785,6.811933798473725,59.23420694324979
567.0699894359382,0.7354222222222222,33094,0.020940351725388287,0.023252486938111033,10.003731435488005,85.0440268564512,75.04029542096319,545.8496200412118,62.77270630473936,6.873715091649017,59.77143557955667
568.8206648965654,0.7194,32373,0.019893120810552004,0.022485656497849924,9.463066051463642,83.22349339485363,73.76042734339,531.8078922801358,61.15790761221562,6.934875207205074,60.30326267134847
570.6421384165504,0.7032888888888889,31648,0.018926946410515674,0.021765179251402898,8.954717108329186,81.38932828916707,72.43461118083789,517.7916356721096,59.546038102292606,6.9945713865013985,60.82235988262086
572.867799421987,0.6873555555555556,30931,0.018395784164753806,0.021101910553253434,8.485141539194867,79.57208584608051,71.08694430688564,504.02481930759313,57.96285422037322,7.051928951092301,61.32112131384609
575.1089114673229,0.6719555555555555,30238,0.01769296911171374,0.020512691747383415,8.063416049745937,77.8124583950254,69.74904234527948,490.8117434544218,56.44335049725851,7.105478146709888,61.78676649312946
577.7169448861987,0.6555777777777778,29501,0.017321446730619302,0.019941381951382377,7.64777921632051,75.93782207836794,68.29004286204744,476.86050608868635,54.83895820019894,7.160379397129911,62.264168670694865
579.1672639634256,0.6394888888888889,28777,0.016540987594259305,0.019421560437539776,7.265625181244066,74.09363748187559,66.82801230063153,463.2427260054642,53.272913490628376,7.213066557664982,62.722317892738985
580.7806294146243,0.6236444444444444,28064,0.015856613454960092,0.018937207585338935,6.908899317774373,72.27551006822257,65.36661075044817,449.9046651712905,51.73903649469841,7.26449577107201,63.16952844410444
582.2683570545696,0.6076666666666667,27345,0.015213018833424758,0.018473794108288043,6.567156698584776,70.44028433014152,63.87312763155675,436.52852772457334,50.200780688325935,7.316031321537976,63.61766366554762
583.9823614394647,0.5919333333333333,26637,0.014416037842099336,0.018038390461476973,6.2463518873907065,68.63156481126093,62.38521292387023,423.42899196981415,48.694334076528634,7.366667623968177,64.05797933885371
585.4420497215153,0.5758,25911,0.014163868627223958,0.01762531593190761,5.936964294451555,66.77490357055484,60.837939276103285,410.09782381542783,47.1612497387742,7.417491113472055,64.49992272584394
587.3628379146915,0.5599555555555555,25198,0.013453448686403684,0.017247819668581736,5.649937280115993,64.94980627198841,59.29986899187241,397.10602396449315,45.667192755916716,7.466503328236422,64.92611589770802
589.0996173648213,0.5438888888888889,24475,0.012870275791624107,0.016891899246425965,5.374580042731582,63.09754199572685,57.722961952995256,384.03809920721187,44.164381408829364,7.515265031276261,65.3501307067501
590.8878681119257,0.5281777777777777,23768,0.01253786603837092,0.01656973985087342,5.119784498082272,61.28482155019177,56.165037052109504,371.37066175790505,42.70762610215908,7.561857038766736,65.75527859797162
592.7024827942653,0.5128222222222222,23077,0.012219959266802444,0.016289602781960167,4.886897124190832,59.51151028758092,54.62461316339009,359.132771720715,41.300268747882235,7.605072199574944,66.1310626049995
594.0156474695473,0.4978444444444444,22403,0.011828772932196582,0.016032138346866245,4.66918394000298,57.780881605999696,53.11169766599672,347.28990723754805,39.93833933231803,7.646593891608265,66.49212079659361
594.9413484939913,0.4802,21609,0.011615530565967884,0.015749160403209866,4.424206892988506,55.74097931070114,51.31677241771264,333.46405034359015,38.348365789512876,7.694498457155661,66.90868223613616
595.9482315276216,0.46813333333333335,21066,0.011345295737206874,0.015563886494361428,4.262294827572832,54.34537051724272,50.08307568966988,324.07575320500825,37.268711618575956,7.727063070032834,67.1918527828942
596.8797069816974,0.4530222222222222,20386,0.01108603943883057,0.01534055134475251,4.065522236283621,52.59704777637163,48.53152554008801,312.3949821804857,35.92542295075586,7.767654461243715,67.54482140211925
597.4132392963717,0.43595555555555554,19618,0.010704455092262208,0.015092869364712796,3.8491948455601634,50.62188051544398,46.77268566988382,299.28175919669076,34.41740230761944,7.814155763356158,67.9491805509231
598.2557626660081,0.41675555555555555,18754,0.010237815932601046,0.014816467693662799,3.6122844566503787,48.39917155433496,44.786887097684584,284.6212325737257,32.73144174597846,7.867804993445701,68.41569559518
599.591349698395,0.40071111111111113,18032,0.009926796805678793,0.014597304641309034,3.421841764797099,46.54101582352029,43.11917405872319,272.48385772800896,31.33564363872103,7.9122437597320685,68.80211964984406
599.9433915101229,0.38895555555555555,17503,0.009712620693595384,0.014441386866767564,3.285978726277425,45.17920212737225,41.89322340109483,263.6494867053564,30.31969097111599,7.944871034001469,69.08583507827363
600.4275876295817,0.37115555555555557,16702,0.009100706502215304,0.014194617547440414,3.0820205296055474,43.116997947039444,40.03497741743389,250.30192996618308,28.78472194611106,7.997336940798419,69.54206035476884
601.9786380739336,0.3528222222222222,15877,0.008754802544561315,0.013944604340301144,2.8781802804424963,40.99238197195575,38.11420169151325,236.66160626993846,27.216084721042925,8.052468309549084,70.0214635612964
602.2175234414752,0.3430888888888889,15439,0.0087440896431116,0.013820606713860525,2.7738925117188047,39.86401074882812,37.090118237109316,229.4911387293138,26.39148095387109,8.080947796606939,70.26911127484294
602.5758506916528,0.32835555555555557,14776,0.008391987005955604,0.013626921531316847,2.617568103107591,38.15584318968924,35.538275086581656,218.66633497812248,25.146628522484086,8.126142300353928,70.66210695959937
603.6473613877624,0.30635555555555555,13786,0.008124183954736689,0.013322878574993575,2.387699652453199,35.604830034754684,33.217130382301484,202.57171007044386,23.29574665810104,8.19885717772494,71.29441024108645
604.129076416009,0.29275555555555555,13174,0.007742523151662365,0.013140295517277101,2.250433290879911,34.027356670912006,31.7769233800321,192.71970124151164,22.16276564277384,8.244337028161441,71.68988720140382
604.8499826230052,0.27475555555555553,12364,0.00752183759301197,0.012889005657136242,2.0716756572828228,31.939232434271716,29.867556776988895,179.7417969711379,20.670306651680857,8.308461715720158,72.2474931801753
605.4028251325409,0.25795555555555555,11608,0.007580978635423846,0.01264905613728076,1.908793167340216,29.98992068326598,28.081127515925754,167.71518579540754,19.287246366471866,8.371671110981378,72.79714009549025
606.5514644521829,0.24215555555555557,10897,0.007157933376158576,0.012426052197290281,1.760286980320339,28.156171301967966,26.395884321647625,156.5110140500637,17.99876661575733,8.432596415612094,73.32692535314862
607.1927609444344,0.2311111111111111,10400,0.006826923076923077,0.012277728117606858,1.659948841500447,26.87400511584996,25.214056274349506,148.7619972291984,17.107629681357817,8.474629523661905,73.6924306405383
608.9468088816,0.2127777777777778,9575,0.006579634464751958,0.012023115457221028,1.4965772965375872,24.74534227034624,23.24876497380865,135.9787424276991,15.6375553791854,8.548676270546549,74.33631539605693
609.8252201259644,0.2042,9189,0.00652954619653934,0.011924158430070924,1.4244241935809825,23.7489575806419,22.32453338706092,130.11044775685247,14.962701492038033,8.579070232999474,74.60061072173455
611.0179433201387,0.18037777777777778,8117,0.007022298878896144,0.011648082724384211,1.2291173371597461,20.98128826628402,19.75217092912428,113.955171586274,13.104844732421512,8.666640861564655,75.3620944483883
611.7440323916992,0.16577777777777777,7460,0.006300268096514745,0.011488470812736276,1.1141518994191641,19.284584810058085,18.170432910638922,104.19289012924528,11.982182364863208,8.719612676114247,75.82271892273258
611.7440323916992,0.16577777777777777,7460,0.006300268096514745,0.011488470812736276,1.1141518994191641,19.284584810058085,18.170432910638922,104.19289012924528,11.982182364863208,8.719612676114247,75.82271892273258
612.9482124896406,0.1324,5958,0.004699563611950319,0.011079357286244117,0.8581405392487517,15.404985946075124,14.546845406826371,82.0843524626632,9.439700533206267,8.860912567619469,77.05141363147366
613.922046384559,0.11906666666666667,5358,0.004106009705113848,0.01091018018055979,0.7599376902967115,13.854806230970329,13.094868540673618,73.38327664376371,8.439076814032827,8.922243009290899,77.58472181992087
614.8077169201247,0.1116,5022,0.00398247710075667,0.010825821701946204,0.7067745956332598,12.986522540436674,12.279747944803415,68.5724544162283,7.885832257866254,8.953848924720202,77.85955586713217
615.6502402897611,0.08248888888888889,3712,0.004310344827586207,0.01047145126160211,0.5053103520798715,9.600668964792014,9.095358612712142,50.01964245378372,5.752258882185128,9.091786912627288,79.05901663154162
617.4401761016546,0.07537777777777778,3392,0.004422169811320755,0.010402140409733753,0.4586927835076196,8.773330721649238,8.31463793814162,45.58392482011924,5.242151354313713,9.120142650015751,79.30558826100652
617.4401761016546,0.07537777777777778,3392,0.004422169811320755,0.010402140409733753,0.4586927835076196,8.773330721649238,8.31463793814162,45.58392482011924,5.242151354313713,9.120142650015751,79.30558826100652
