decile,n,bads,min_score,max_score,bad_rate,lift,cum_bads_pct,cum_accounts_pct
1,4500,1614,407.39816599754306,539.4077704664275,0.3586666666666667,5.365691489361702,0.5365691489361702,0.1
2,4500,490,539.4241456718008,557.3036724821649,0.10888888888888888,1.6289893617021276,0.699468085106383,0.2
3,4500,307,557.3036724821649,571.3027626619635,0.06822222222222223,1.0206117021276597,0.801529255319149,0.3
4,4500,193,571.3027626619635,582.8223967606393,0.042888888888888886,0.6416223404255319,0.8656914893617021,0.4
5,4500,135,582.8223967606393,593.763799053994,0.03,0.4488031914893617,0.9105718085106383,0.5
6,4500,91,593.763799053994,599.7117911795028,0.02022222222222222,0.3025265957446808,0.9408244680851063,0.6
7,4500,70,599.7117911795028,603.7685738858271,0.015555555555555555,0.2327127659574468,0.964095744680851,0.7
8,4500,48,603.7685738858271,609.8252201259644,0.010666666666666666,0.1595744680851064,0.9800531914893617,0.8
9,4500,41,609.8252201259644,614.8077169201247,0.009111111111111111,0.1363031914893617,0.9936835106382979,0.9
10,4500,19,614.8077169201247,621.5370023602493,0.004222222222222222,0.06316489361702127,1.0,1.0
