feature,bin,share,event_rate,woe,beta,points
revolving_utilisation,"(-inf, 0.1859]",0.5321193535176525,0.01941938717067583,1.2855228134086112,-0.6430249113217621,104.2
revolving_utilisation,"(0.1859, 0.3982]",0.14382041733730797,0.04251374081186676,0.4778415581988249,-0.6430249113217621,89.2
revolving_utilisation,"(0.3982, 0.5006]",0.04897189497042829,0.06534422403733955,0.023227756420981564,-0.6430249113217621,80.7
revolving_utilisation,"(0.5006, 0.7391]",0.08801988590367528,0.10041116641419606,-0.4437126652648982,-0.6430249113217621,72.1
revolving_utilisation,"(0.7391, 0.941]",0.06852446213773465,0.16455872133425992,-1.0115449851839833,-0.6430249113217621,61.6
revolving_utilisation,"(0.941, inf]",0.11854398613320127,0.22840845183578373,-1.4187024911199946,-0.6430249113217621,54.0
dpd_90_plus,"(-inf, 0.5]",0.9462530771139057,0.04635334213949361,0.37355943419388393,-0.510821781848813,85.8
dpd_90_plus,"(0.5, inf]",0.053746922886094305,0.41114858867388604,-2.2911828577816666,-0.510821781848813,46.5
dpd_90_plus,missing,0.0018381127439308946,,-2.8119375662500223,-0.510821781848813,38.9
dpd_30_59,"(-inf, 0.5]",0.8414308341125508,0.04022134781770556,0.5219000331524157,-0.5323804905125412,88.3
dpd_30_59,"(0.5, 1.5]",0.10727439268744156,0.14978208663168194,-0.9142030716846142,-0.5323804905125412,66.3
dpd_30_59,"(1.5, inf]",0.05129477320000763,0.31287202380952384,-1.8637052675506458,-0.5323804905125412,51.7
dpd_30_59,missing,0.0018381127439308946,,-2.8119375662500223,-0.5323804905125412,37.1
dpd_60_89,"(-inf, 0.5]",0.9513482052554243,0.05118998666091649,0.2692350505010036,-0.38359483805211164,83.3
dpd_60_89,"(0.5, inf]",0.04865179474457569,0.3547754461659149,-2.05234795423895,-0.38359483805211164,57.6
dpd_60_89,missing,0.0018381127439308946,,-2.8119375662500223,-0.38359483805211164,49.2
age,"(-inf, 28.5]",0.04795283764607282,0.11996027805362462,-0.6438068058765015,-0.3994646025626173,72.9
age,"(28.5, 36.5]",0.11144868046362347,0.10570842591010084,-0.5009076243955511,-0.3994646025626173,74.5
age,"(36.5, 48.5]",0.2577262640596577,0.08669302686523041,-0.2813928210689833,-0.3994646025626173,77.1
age,"(48.5, 55.5]",0.16918256364346326,0.0722810177887863,-0.08409021574099981,-0.3994646025626173,79.3
age,"(55.5, 63.5]",0.18511604872427356,0.04815557956474765,0.34755902497635405,-0.3994646025626173,84.3
age,"(63.5, inf]",0.22857360546290917,0.025458333333333333,1.008228985565716,-0.3994646025626173,91.9
monthly_income,"(-inf, 3,332]",0.24124374977730798,0.09383615596691611,-0.32687590399071287,-0.3854116916882881,76.7
monthly_income,"(3,332, 3,800]",0.06192619689537632,0.08496355964710395,-0.21859246867013235,-0.3854116916882881,77.9
monthly_income,"(3,800, 6,644]",0.3228024751475706,0.07288715552448581,-0.05138033148991775,-0.3854116916882881,79.7
monthly_income,"(6,644, 1.035e+04]",0.22906991935579651,0.05278166640742469,0.2925913792841481,-0.3854116916882881,83.6
monthly_income,"(1.035e+04, inf]",0.1449576588239486,0.04113068414584187,0.5537369146389215,-0.3854116916882881,86.5
monthly_income,missing,0.19811617253497651,,0.18533818262983362,-0.3854116916882881,82.4
dependents,"(-inf, 0.5]",0.5949963812765292,0.05907686238411467,0.14061481876687174,-0.28944557049081376,81.5
dependents,"(0.5, 1.5]",0.18052539952663185,0.07216383140101852,-0.07370681678164068,-0.28944557049081376,79.7
dependents,"(1.5, 2.5]",0.13396123075719343,0.08125866978170403,-0.2023192210314189,-0.28944557049081376,78.6
dependents,"(2.5, inf]",0.09051698843964556,0.09195029713668287,-0.3377538557063483,-0.28944557049081376,77.5
dependents,missing,0.026219297326641206,,0.3808685633948547,-0.28944557049081376,83.5
